paper_id,doi,pmid,title,year,journal,first_author,species,model,tissue,assay,design,accession,tags,status,priority,read_date,notes_path,project_links
P001,10.1038/s41592-023-01814-1,37037999,"Comparison of transformations for single-cell RNA-seq data",2023,Nature Methods,Ahlmann-Eltze,multiple,multiple scRNA-seq studies,multiple,single-cell RNA-seq,method comparison,,single-cell;normalization;transformation,reading,high,,literature/notes/P001_transformations.qmd,"nature-methods-bioinformatics-catalog;rnaseq-analysis-template"
P002,10.1038/s41592-024-02303-9,38871986,"CellRank 2: unified fate mapping in multiview single-cell data",2024,Nature Methods,Weiler,multiple,cell fate and trajectory,multiple,single-cell RNA-seq;RNA velocity,method paper,,trajectory;fate-mapping;velocity,reading,high,,literature/notes/P002_cellrank2.qmd,"nature-methods-bioinformatics-catalog;rnaseq-analysis-template"
P003,10.1038/s41592-024-02201-0,38409223,"scGPT: toward building a foundation model for single-cell multi-omics using generative artificial intelligence",2024,Nature Methods,Cui,multiple,cell annotation and perturbation,multiple,single-cell multi-omics,method paper,,foundation-model;embedding;perturbation,reading,medium,,literature/notes/P003_scgpt.qmd,"nature-methods-bioinformatics-catalog"
P004,10.1038/s41592-024-02305-7,38844628,"Large-scale foundation model on single-cell transcriptomics",2024,Nature Methods,Hao,human,cell annotation and drug response,multiple,single-cell transcriptomics,method paper,,foundation-model;drug-response;embedding,reading,medium,,literature/notes/P004_scfoundation.qmd,"nature-methods-bioinformatics-catalog"
P005,10.1038/s41592-025-02624-3,40082610,"Feature selection methods affect the performance of scRNA-seq data integration and querying",2025,Nature Methods,Zappia,multiple,atlas integration and query,multiple,single-cell RNA-seq,benchmark,,feature-selection;HVG;integration,reading,high,,literature/notes/P005_feature_selection.qmd,"nature-methods-bioinformatics-catalog;rnaseq-analysis-template"
P006,10.1038/s41592-023-01908-w,37308696,"Context-aware transcript quantification from long-read RNA-seq data with Bambu",2023,Nature Methods,Chen,multiple,transcript discovery,multiple,long-read RNA-seq,method paper,,long-read;transcriptome;isoform,reading,high,,literature/notes/P006_bambu.qmd,"nature-methods-bioinformatics-catalog;RNA_pipeline"
P007,10.1038/s41592-024-02191-z,38366243,"Toward universal cell embeddings: integrating single-cell RNA-seq datasets across species with SATURN",2024,Nature Methods,Rosen,multiple species,cross-species cell atlas,multiple,single-cell RNA-seq,method paper,,cross-species;embedding;cell-atlas,reading,medium,,literature/notes/P007_saturn.qmd,"nature-methods-bioinformatics-catalog"
P008,10.1038/s41592-025-02832-x,41203866,"Monod: model-based discovery and integration through fitting stochastic transcriptional dynamics to single-cell sequencing data",2025,Nature Methods,Gorin,multiple,nascent and mature transcription,multiple,single-cell RNA-seq,method paper,,nascent-RNA;kinetics;stochastic-model,reading,medium,,literature/notes/P008_monod.qmd,"nature-methods-bioinformatics-catalog"
P009,10.1038/s41592-025-02814-z,41168487,"Nicheformer: a foundation model for single-cell and spatial omics",2025,Nature Methods,Tejada-Lapuerta,multiple,spatial context and niche,multiple,spatial transcriptomics;single-cell RNA-seq,method paper,,spatial-omics;niche;foundation-model,reading,medium,,literature/notes/P009_nicheformer.qmd,"nature-methods-bioinformatics-catalog"
P010,10.12688/f1000research.51749.1,38366243,"Scalable Analysis of Differential Transcript Usage for Bulk and Single-Cell RNA-sequencing Applications",2021,F1000Research,Gilis,multiple,transcript usage,multiple,bulk RNA-seq;single-cell RNA-seq,method paper,,DTU;transcript-usage;satuRn,reading,high,,literature/notes/P010_saturn_dtu.qmd,"nature-methods-bioinformatics-catalog;rnaseq-analysis-template"
